{"cameraMode":{"drawMode":0,"name":"Shaded","section":"Shading Mode"},"sceneLighting":false,"audioPlay":false,"sceneViewState":{"showFog":true,"showMaterialUpdate":false,"showSkybox":false,"showFlares":true,"showImageEffects":true,"showParticleSystems":true},"in2DMode":false,"pivot":{"x":1.0262222290039063,"y":0.496337890625,"z":59.96923828125},"rotation":{"x":0.11613072454929352,"y":-0.008939005434513092,"z":0.0010451553389430047,"w":0.9931941628456116},"size":3.5904054641723635,"orthographic":true}